{
  "authors POST" : {
    "transaction" : "authors POST",
    "sampleCount" : 749,
    "errorCount" : 0,
    "errorPct" : 0.0,
    "meanResTime" : 444.5874499332443,
    "minResTime" : 85.0,
    "maxResTime" : 5039.0,
    "pct1ResTime" : 996.0,
    "pct2ResTime" : 1974.5,
    "pct3ResTime" : 4062.0,
    "throughput" : 6.4747019821751195,
    "receivedKBytesPerSec" : 1.5946499695282716,
    "sentKBytesPerSec" : 1.8222762110891157
  },
  "activities DELETE " : {
    "transaction" : "activities DELETE ",
    "sampleCount" : 750,
    "errorCount" : 0,
    "errorPct" : 0.0,
    "meanResTime" : 228.40533333333337,
    "minResTime" : 85.0,
    "maxResTime" : 1760.0,
    "pct1ResTime" : 409.6999999999997,
    "pct2ResTime" : 604.6999999999996,
    "pct3ResTime" : 1219.2100000000003,
    "throughput" : 6.393425853309237,
    "receivedKBytesPerSec" : 0.7554731721195485,
    "sentKBytesPerSec" : 1.2805582446423092
  },
  "users DELETE" : {
    "transaction" : "users DELETE",
    "sampleCount" : 704,
    "errorCount" : 0,
    "errorPct" : 0.0,
    "meanResTime" : 182.13210227272742,
    "minResTime" : 84.0,
    "maxResTime" : 1043.0,
    "pct1ResTime" : 296.5,
    "pct2ResTime" : 499.0,
    "pct3ResTime" : 906.95,
    "throughput" : 7.488485390007552,
    "receivedKBytesPerSec" : 0.8848698556551893,
    "sentKBytesPerSec" : 1.4633219450383466
  },
  "coverPhotos all GET" : {
    "transaction" : "coverPhotos all GET",
    "sampleCount" : 737,
    "errorCount" : 0,
    "errorPct" : 0.0,
    "meanResTime" : 298.6540027137043,
    "minResTime" : 94.0,
    "maxResTime" : 2066.0,
    "pct1ResTime" : 505.4000000000001,
    "pct2ResTime" : 937.6000000000004,
    "pct3ResTime" : 1327.58,
    "throughput" : 7.378559128589163,
    "receivedKBytesPerSec" : 149.26538417376656,
    "sentKBytesPerSec" : 1.3114235951203397
  },
  "coverPhotosCoverPhotosForBook  GET" : {
    "transaction" : "coverPhotosCoverPhotosForBook  GET",
    "sampleCount" : 733,
    "errorCount" : 0,
    "errorPct" : 0.0,
    "meanResTime" : 246.06139154160962,
    "minResTime" : 84.0,
    "maxResTime" : 1538.0,
    "pct1ResTime" : 528.4000000000007,
    "pct2ResTime" : 1033.8999999999999,
    "pct3ResTime" : 1179.6399999999999,
    "throughput" : 7.363060140028729,
    "receivedKBytesPerSec" : 2.116151912713082,
    "sentKBytesPerSec" : 1.4172423242860444
  },
  "authors all GET" : {
    "transaction" : "authors all GET",
    "sampleCount" : 750,
    "errorCount" : 0,
    "errorPct" : 0.0,
    "meanResTime" : 510.3399999999991,
    "minResTime" : 172.0,
    "maxResTime" : 3172.0,
    "pct1ResTime" : 1178.6999999999994,
    "pct2ResTime" : 2093.2999999999965,
    "pct3ResTime" : 2616.49,
    "throughput" : 6.440034690320198,
    "receivedKBytesPerSec" : 299.5929378177084,
    "sentKBytesPerSec" : 1.1194591551533157
  },
  "authors DELETE" : {
    "transaction" : "authors DELETE",
    "sampleCount" : 747,
    "errorCount" : 0,
    "errorPct" : 0.0,
    "meanResTime" : 469.1097724230259,
    "minResTime" : 85.0,
    "maxResTime" : 4165.0,
    "pct1ResTime" : 959.6000000000001,
    "pct2ResTime" : 2308.400000000002,
    "pct3ResTime" : 3875.56,
    "throughput" : 6.695588261656778,
    "receivedKBytesPerSec" : 0.7911779098246777,
    "sentKBytesPerSec" : 1.3214571419608123
  },
  "users all GET" : {
    "transaction" : "users all GET",
    "sampleCount" : 717,
    "errorCount" : 0,
    "errorPct" : 0.0,
    "meanResTime" : 216.71827057182725,
    "minResTime" : 84.0,
    "maxResTime" : 1073.0,
    "pct1ResTime" : 448.2000000000005,
    "pct2ResTime" : 649.5000000000001,
    "pct3ResTime" : 921.0200000000006,
    "throughput" : 7.403659493618603,
    "receivedKBytesPerSec" : 5.20569808145058,
    "sentKBytesPerSec" : 1.2725039754656975
  },
  "books PUT" : {
    "transaction" : "books PUT",
    "sampleCount" : 740,
    "errorCount" : 0,
    "errorPct" : 0.0,
    "meanResTime" : 295.74459459459445,
    "minResTime" : 86.0,
    "maxResTime" : 3151.0,
    "pct1ResTime" : 505.5999999999999,
    "pct2ResTime" : 807.3499999999977,
    "pct3ResTime" : 2013.0100000000011,
    "throughput" : 7.079375101646433,
    "receivedKBytesPerSec" : 2.3374382049479094,
    "sentKBytesPerSec" : 2.6423214490715496
  },
  "books POST" : {
    "transaction" : "books POST",
    "sampleCount" : 739,
    "errorCount" : 0,
    "errorPct" : 0.0,
    "meanResTime" : 249.6129905277408,
    "minResTime" : 86.0,
    "maxResTime" : 1991.0,
    "pct1ResTime" : 436.0,
    "pct2ResTime" : 579.0,
    "pct3ResTime" : 1175.2000000000035,
    "throughput" : 7.2774183383064,
    "receivedKBytesPerSec" : 2.402809013314032,
    "sentKBytesPerSec" : 2.751044851768147
  },
  "activities GET" : {
    "transaction" : "activities GET",
    "sampleCount" : 751,
    "errorCount" : 0,
    "errorPct" : 0.0,
    "meanResTime" : 204.8615179760323,
    "minResTime" : 85.0,
    "maxResTime" : 1146.0,
    "pct1ResTime" : 384.0,
    "pct2ResTime" : 550.4,
    "pct3ResTime" : 902.48,
    "throughput" : 6.334398906873371,
    "receivedKBytesPerSec" : 1.7787408985188808,
    "sentKBytesPerSec" : 1.132644137096298
  },
  "activities PUT " : {
    "transaction" : "activities PUT ",
    "sampleCount" : 751,
    "errorCount" : 0,
    "errorPct" : 0.0,
    "meanResTime" : 224.6311584553927,
    "minResTime" : 85.0,
    "maxResTime" : 1959.0,
    "pct1ResTime" : 437.80000000000007,
    "pct2ResTime" : 582.5999999999999,
    "pct3ResTime" : 1096.8000000000025,
    "throughput" : 6.356434302738937,
    "receivedKBytesPerSec" : 1.7523456411661644,
    "sentKBytesPerSec" : 1.9453966767317263
  },
  "authors PUT" : {
    "transaction" : "authors PUT",
    "sampleCount" : 747,
    "errorCount" : 0,
    "errorPct" : 0.0,
    "meanResTime" : 448.87282463186057,
    "minResTime" : 87.0,
    "maxResTime" : 4483.0,
    "pct1ResTime" : 954.2,
    "pct2ResTime" : 1755.800000000003,
    "pct3ResTime" : 4164.5599999999995,
    "throughput" : 6.591312174074172,
    "receivedKBytesPerSec" : 1.6233904999514694,
    "sentKBytesPerSec" : 1.823569828092049
  },
  "books GET" : {
    "transaction" : "books GET",
    "sampleCount" : 741,
    "errorCount" : 0,
    "errorPct" : 0.0,
    "meanResTime" : 445.71255060728754,
    "minResTime" : 89.0,
    "maxResTime" : 4219.0,
    "pct1ResTime" : 714.6000000000005,
    "pct2ResTime" : 1835.6999999999998,
    "pct3ResTime" : 2331.7400000000002,
    "throughput" : 7.037438030657018,
    "receivedKBytesPerSec" : 4.571518943387088,
    "sentKBytesPerSec" : 1.2239909800178548
  },
  "books DELETE" : {
    "transaction" : "books DELETE",
    "sampleCount" : 737,
    "errorCount" : 0,
    "errorPct" : 0.0,
    "meanResTime" : 230.62415196743567,
    "minResTime" : 86.0,
    "maxResTime" : 1930.0,
    "pct1ResTime" : 416.20000000000005,
    "pct2ResTime" : 583.9000000000002,
    "pct3ResTime" : 1122.98,
    "throughput" : 7.34590543018898,
    "receivedKBytesPerSec" : 0.86802202837194,
    "sentKBytesPerSec" : 1.4354577143220237
  },
  "coverPhotos POST" : {
    "transaction" : "coverPhotos POST",
    "sampleCount" : 725,
    "errorCount" : 0,
    "errorPct" : 0.0,
    "meanResTime" : 248.8013793103446,
    "minResTime" : 84.0,
    "maxResTime" : 2384.0,
    "pct1ResTime" : 546.1999999999999,
    "pct2ResTime" : 854.3999999999999,
    "pct3ResTime" : 1075.48,
    "throughput" : 7.399091697708833,
    "receivedKBytesPerSec" : 1.7724432470531204,
    "sentKBytesPerSec" : 1.9964391871204776
  },
  "users PUT" : {
    "transaction" : "users PUT",
    "sampleCount" : 706,
    "errorCount" : 0,
    "errorPct" : 0.0,
    "meanResTime" : 178.97592067988677,
    "minResTime" : 84.0,
    "maxResTime" : 2431.0,
    "pct1ResTime" : 279.30000000000007,
    "pct2ResTime" : 441.14999999999975,
    "pct3ResTime" : 934.8999999999985,
    "throughput" : 7.481270332418485,
    "receivedKBytesPerSec" : 1.8125945424344858,
    "sentKBytesPerSec" : 2.0032730557704332
  },
  "users POST" : {
    "transaction" : "users POST",
    "sampleCount" : 708,
    "errorCount" : 0,