{
  "authors POST" : {
    "transaction" : "authors POST",
    "sampleCount" : 100,
    "errorCount" : 0,
    "errorPct" : 0.0,
    "meanResTime" : 271.1700000000001,
    "minResTime" : 87.0,
    "maxResTime" : 736.0,
    "pct1ResTime" : 394.9,
    "pct2ResTime" : 498.29999999999984,
    "pct3ResTime" : 735.0699999999995,
    "throughput" : 15.071590052750565,
    "receivedKBytesPerSec" : 3.711967784476262,
    "sentKBytesPerSec" : 4.241828372268275
  },
  "activities DELETE " : {
    "transaction" : "activities DELETE ",
    "sampleCount" : 100,
    "errorCount" : 0,
    "errorPct" : 0.0,
    "meanResTime" : 231.54999999999995,
    "minResTime" : 84.0,
    "maxResTime" : 516.0,
    "pct1ResTime" : 374.0,
    "pct2ResTime" : 414.84999999999997,
    "pct3ResTime" : 515.8299999999999,
    "throughput" : 17.97268152408339,
    "receivedKBytesPerSec" : 2.123725062904385,
    "sentKBytesPerSec" : 3.599801738856937
  },
  "users DELETE" : {
    "transaction" : "users DELETE",
    "sampleCount" : 100,
    "errorCount" : 0,
    "errorPct" : 0.0,
    "meanResTime" : 190.67000000000004,
    "minResTime" : 84.0,
    "maxResTime" : 482.0,
    "pct1ResTime" : 373.80000000000007,
    "pct2ResTime" : 438.69999999999993,
    "pct3ResTime" : 481.99,
    "throughput" : 18.68460388639761,
    "receivedKBytesPerSec" : 2.20784870142003,
    "sentKBytesPerSec" : 3.6511613649103136
  },
  "coverPhotos all GET" : {
    "transaction" : "coverPhotos all GET",
    "sampleCount" : 100,
    "errorCount" : 0,
    "errorPct" : 0.0,
    "meanResTime" : 322.24000000000007,
    "minResTime" : 107.0,
    "maxResTime" : 575.0,
    "pct1ResTime" : 465.8,
    "pct2ResTime" : 482.95,
    "pct3ResTime" : 574.3599999999997,
    "throughput" : 14.01541695865452,
    "receivedKBytesPerSec" : 283.52942142606867,
    "sentKBytesPerSec" : 2.491021373510862
  },
  "coverPhotosCoverPhotosForBook  GET" : {
    "transaction" : "coverPhotosCoverPhotosForBook  GET",
    "sampleCount" : 100,
    "errorCount" : 0,
    "errorPct" : 0.0,
    "meanResTime" : 248.91999999999993,
    "minResTime" : 94.0,
    "maxResTime" : 659.0,
    "pct1ResTime" : 387.0,
    "pct2ResTime" : 502.0999999999991,
    "pct3ResTime" : 657.9499999999995,
    "throughput" : 14.322543683758235,
    "receivedKBytesPerSec" : 4.116332623173876,
    "sentKBytesPerSec" : 2.756809921942137
  },
  "authors all GET" : {
    "transaction" : "authors all GET",
    "sampleCount" : 100,
    "errorCount" : 0,
    "errorPct" : 0.0,
    "meanResTime" : 393.5600000000001,
    "minResTime" : 185.0,
    "maxResTime" : 658.0,
    "pct1ResTime" : 570.8,
    "pct2ResTime" : 604.9,
    "pct3ResTime" : 657.93,
    "throughput" : 15.386982612709648,
    "receivedKBytesPerSec" : 716.0850767906601,
    "sentKBytesPerSec" : 2.6746903369749195
  },
  "authors DELETE" : {
    "transaction" : "authors DELETE",
    "sampleCount" : 100,
    "errorCount" : 0,
    "errorPct" : 0.0,
    "meanResTime" : 289.12000000000006,
    "minResTime" : 86.0,
    "maxResTime" : 677.0,
    "pct1ResTime" : 432.9,
    "pct2ResTime" : 518.9,
    "pct3ResTime" : 675.8499999999995,
    "throughput" : 14.03705783267827,
    "receivedKBytesPerSec" : 1.6586757790567097,
    "sentKBytesPerSec" : 2.770399792953397
  },
  "users all GET" : {
    "transaction" : "users all GET",
    "sampleCount" : 100,
    "errorCount" : 0,
    "errorPct" : 0.0,
    "meanResTime" : 222.46000000000004,
    "minResTime" : 87.0,
    "maxResTime" : 650.0,
    "pct1ResTime" : 372.9,
    "pct2ResTime" : 426.2499999999996,
    "pct3ResTime" : 648.4599999999992,
    "throughput" : 15.015015015015015,
    "receivedKBytesPerSec" : 10.557432432432432,
    "sentKBytesPerSec" : 2.5807057057057055
  },
  "books PUT" : {
    "transaction" : "books PUT",
    "sampleCount" : 100,
    "errorCount" : 0,
    "errorPct" : 0.0,
    "meanResTime" : 273.3300000000001,
    "minResTime" : 95.0,
    "maxResTime" : 526.0,
    "pct1ResTime" : 396.5,
    "pct2ResTime" : 460.95,
    "pct3ResTime" : 525.6099999999998,
    "throughput" : 13.888888888888888,
    "receivedKBytesPerSec" : 4.585774739583333,
    "sentKBytesPerSec" : 5.183919270833333
  },
  "books POST" : {
    "transaction" : "books POST",
    "sampleCount" : 100,
    "errorCount" : 0,
    "errorPct" : 0.0,
    "meanResTime" : 284.7099999999999,
    "minResTime" : 118.0,
    "maxResTime" : 563.0,
    "pct1ResTime" : 429.9,
    "pct2ResTime" : 499.5999999999997,
    "pct3ResTime" : 562.6299999999998,
    "throughput" : 14.05283867341203,
    "receivedKBytesPerSec" : 4.63990698777403,
    "sentKBytesPerSec" : 5.312357275857224
  },
  "activities GET" : {
    "transaction" : "activities GET",
    "sampleCount" : 100,
    "errorCount" : 0,
    "errorPct" : 0.0,
    "meanResTime" : 223.07999999999996,
    "minResTime" : 86.0,
    "maxResTime" : 537.0,
    "pct1ResTime" : 388.5,
    "pct2ResTime" : 435.34999999999985,
    "pct3ResTime" : 536.81,
    "throughput" : 20.798668885191347,
    "receivedKBytesPerSec" : 5.841501143926789,
    "sentKBytesPerSec" : 3.7189807352329454
  },
  "activities PUT " : {
    "transaction" : "activities PUT ",
    "sampleCount" : 100,
    "errorCount" : 0,
    "errorPct" : 0.0,
    "meanResTime" : 232.77999999999997,
    "minResTime" : 86.0,
    "maxResTime" : 565.0,
    "pct1ResTime" : 369.5,
    "pct2ResTime" : 468.64999999999924,
    "pct3ResTime" : 564.89,
    "throughput" : 18.38235294117647,
    "receivedKBytesPerSec" : 5.067713120404411,
    "sentKBytesPerSec" : 5.62600528492647
  },
  "authors PUT" : {
    "transaction" : "authors PUT",
    "sampleCount" : 100,
    "errorCount" : 0,
    "errorPct" : 0.0,
    "meanResTime" : 305.45,
    "minResTime" : 87.0,
    "maxResTime" : 672.0,
    "pct1ResTime" : 467.9000000000001,
    "pct2ResTime" : 544.6999999999999,
    "pct3ResTime" : 671.93,
    "throughput" : 14.566642388929353,
    "receivedKBytesPerSec" : 3.5876046977421705,
    "sentKBytesPerSec" : 4.030009559359067
  },
  "books GET" : {
    "transaction" : "books GET",
    "sampleCount" : 100,
    "errorCount" : 0,
    "errorPct" : 0.0,
    "meanResTime" : 323.1299999999998,
    "minResTime" : 131.0,
    "maxResTime" : 570.0,
    "pct1ResTime" : 456.8,
    "pct2ResTime" : 544.5999999999997,
    "pct3ResTime" : 569.8499999999999,
    "throughput" : 13.596193065941536,
    "receivedKBytesPerSec" : 8.832347255268525,
    "sentKBytesPerSec" : 2.3647285010197145
  },
  "books DELETE" : {
    "transaction" : "books DELETE",
    "sampleCount" : 100,
    "errorCount" : 0,
    "errorPct" : 0.0,
    "meanResTime" : 259.9200000000001,
    "minResTime" : 93.0,
    "maxResTime" : 528.0,
    "pct1ResTime" : 409.9000000000001,
    "pct2ResTime" : 501.1499999999996,
    "pct3ResTime" : 527.93,
    "throughput" : 14.017381553125876,
    "receivedKBytesPerSec" : 1.656350749929913,
    "sentKBytesPerSec" : 2.739138719512195
  },
  "coverPhotos POST" : {
    "transaction" : "coverPhotos POST",
    "sampleCount" : 100,
    "errorCount" : 0,
    "errorPct" : 0.0,
    "meanResTime" : 245.22,
    "minResTime" : 86.0,
    "maxResTime" : 482.0,
    "pct1ResTime" : 368.9,
    "pct2ResTime" : 429.69999999999993,
    "pct3ResTime" : 481.65999999999985,
    "throughput" : 14.45086705202312,
    "receivedKBytesPerSec" : 3.461716492052023,
    "sentKBytesPerSec" : 3.8991939125722546
  },
  "users PUT" : {
    "transaction" : "users PUT",
    "sampleCount" : 100,
    "errorCount" : 0,
    "errorPct" : 0.0,
    "meanResTime" : 191.30999999999995,
    "minResTime" : 86.0,
    "maxResTime" : 554.0,
    "pct1ResTime" : 330.6,
    "pct2ResTime" : 436.64999999999947,
    "pct3ResTime" : 553.1599999999996,
    "throughput" : 17.89228842368939,
    "receivedKBytesPerSec" : 4.3350358964036495,
    "sentKBytesPerSec" : 4.791079575952764
  },
  "users POST" : {
    "transaction" : "users POST",
    "sampleCount" : 100,
    "errorCount" : 0,
    "errorPct" : 0.0,
    "meanResTime" : 198.22999999999988,
    "minResTime" : 83.0,
    "maxResTime" : 503.0,